Token,Uid,Link,Affiliation
MarkHolbrook_ME,3437948260,https://twitter.com/MarkHolbrook_ME,R
PeteOlson,12726012,https://twitter.com/PeteOlson,R
JFitz4Congress,978000000000000000,https://twitter.com/JFitz4Congress,R
CartwrightPA,472315803,https://twitter.com/CartwrightPA,D
Fierro4Texas,958000000000000000,https://twitter.com/Fierro4Texas,R
Axne4Congress,867000000000000000,https://twitter.com/Axne4Congress,D
ABrindisiNY,915831762,https://twitter.com/ABrindisiNY,D
alanlowenthal,562232053,https://twitter.com/alanlowenthal,D
amieformaryland,3437178665,https://twitter.com/amieformaryland,R
BevGoldstein,4307845348,https://twitter.com/BevGoldstein,R
BennieGThompson,82453460,https://twitter.com/BennieGThompson,D
18thIL,727000000000000000,https://twitter.com/18thIL,D
aguilarpete,41533245,https://twitter.com/aguilarpete,D
Abby4Iowa,1262017122,https://twitter.com/Abby4Iowa,D
anthonygonzalez,900000000000000000,https://twitter.com/anthonygonzalez,R
Archie4Congress,840000000000000000,https://twitter.com/Archie4Congress,D
PetersCongress,979000000000000000,https://twitter.com/PetersCongress,R
MooneyforWV,1491350114,https://twitter.com/MooneyforWV,R
BarbaraComstock,37481291,https://twitter.com/BarbaraComstock,R
ArtForCongress,121785273,https://twitter.com/ArtForCongress,R
AmyMcGrathKY,2783231383,https://twitter.com/AmyMcGrathKY,D
Nanette4CA,303633791,https://twitter.com/Nanette4CA,D
EspaillatNY,182217410,https://twitter.com/EspaillatNY,D
DDAdamsCongress,846000000000000000,https://twitter.com/DDAdamsCongress,D
chiproytx,1257667158,https://twitter.com/chiproytx,R
DelgadoforNY19,829000000000000000,https://twitter.com/DelgadoforNY19,D
DonJBacon,3109108467,https://twitter.com/DonJBacon,R
Colvin4Congress,2321020927,https://twitter.com/Colvin4Congress,D
Frank4NC,960000000000000000,https://twitter.com/Frank4NC,D
CresentHardy,250272501,https://twitter.com/CresentHardy,R
CongPalazzo,299883942,https://twitter.com/CongPalazzo,R
CourtneyTritch,882000000000000000,https://twitter.com/CourtneyTritch,D
davidjtrone,4851790919,https://twitter.com/davidjtrone,D
drwright4congr1,4917311502,https://twitter.com/drwright4congr1,R
ElijahECummings,2507127289,https://twitter.com/ElijahECummings,D
dana_balter,824000000000000000,https://twitter.com/dana_balter,D
drkyle4congress,863000000000000000,https://twitter.com/drkyle4congress,D
DanaRohrabacher,19139963,https://twitter.com/DanaRohrabacher,R
chelliepingree,14984637,https://twitter.com/chelliepingree,D
DougRBennett,863000000000000000,https://twitter.com/DougRBennett,R
DavidRouzer,127941167,https://twitter.com/DavidRouzer,R
DesaraeLindsey,295923904,https://twitter.com/DesaraeLindsey,O
CurtisUT,26057209,https://twitter.com/CurtisUT,R
dgvaladao,36676406,https://twitter.com/dgvaladao,R
daynasteele,15778047,https://twitter.com/daynasteele,D
DevinNunes,54412900,https://twitter.com/DevinNunes,R
DannyKDavis,53941120,https://twitter.com/DannyKDavis,D
CraigCameron07,893000000000000000,https://twitter.com/CraigCameron07,D
ColinAllredTX,346964561,https://twitter.com/ColinAllredTX,D
DuncanHunter,185818978,https://twitter.com/DuncanHunter,R
CongCulberson,24183358,https://twitter.com/CongCulberson,R
DickWithington,293531326,https://twitter.com/DickWithington,O
dandonovan_ny,3041543943,https://twitter.com/dandonovan_ny,R
DougLaMalfa,19808819,https://twitter.com/DougLaMalfa,R
ElectFrench,1740229652,https://twitter.com/ElectFrench,R
CollinsNY27,557794383,https://twitter.com/CollinsNY27,R
eldercongress,2157290814,https://twitter.com/eldercongress,O
LloydSmuckerPA,4212470319,https://twitter.com/LloydSmuckerPA,R
johnfbriscoe,139770510,https://twitter.com/johnfbriscoe,R
jackiewalorski,14562874,https://twitter.com/jackiewalorski,R
JGHertzler,1216330232,https://twitter.com/JGHertzler,O
Joe_Manchik,731000000000000000,https://twitter.com/Joe_Manchik,O
GOPWhip,2693983838,https://twitter.com/GOPWhip,R
jodyhice,130003817,https://twitter.com/jodyhice,R
JennieLouLeeder,700359998,https://twitter.com/JennieLouLeeder,D
JodeyArrington,3609064098,https://twitter.com/JodeyArrington,R
goossencongress,2288698518,https://twitter.com/goossencongress,O
JeannineLeeLake,958000000000000000,https://twitter.com/JeannineLeeLake,D
Grossman4NJ,1122821040,https://twitter.com/Grossman4NJ,R
GuestCongress,954000000000000000,https://twitter.com/GuestCongress,R
JohnElleson,393128081,https://twitter.com/JohnElleson,R
janschakowsky,24195214,https://twitter.com/janschakowsky,D
JimmyPanetta,4228409359,https://twitter.com/JimmyPanetta,D
JeffNc2,961000000000000000,https://twitter.com/JeffNc2,O
GregoryMeeks,926000000000000000,https://twitter.com/GregoryMeeks,D
guyfuray,21264915,https://twitter.com/guyfuray,O
gtsagan,87306418,https://twitter.com/gtsagan,D
JayWebberNJ,2956955584,https://twitter.com/JayWebberNJ,R
HamCountyDems,623106697,https://twitter.com/HamCountyDems,D
JoeVitollo,3453543734,https://twitter.com/JoeVitollo,R
JaredGuyThomas,858000000000000000,https://twitter.com/JaredGuyThomas,R
JaredHuffman,334894942,https://twitter.com/JaredHuffman,D
jeffreywhipple,33675482,https://twitter.com/jeffreywhipple,O
GasperforOH10,951000000000000000,https://twitter.com/GasperforOH10,D
JohnJoyceForPA,969000000000000000,https://twitter.com/JohnJoyceForPA,R
GregForMontana,3420965229,https://twitter.com/GregForMontana,R
Gaither4IL,872000000000000000,https://twitter.com/Gaither4IL,D
Jim_Jordan,18166778,https://twitter.com/Jim_Jordan,R
JasenWunder,368096055,https://twitter.com/JasenWunder,O
HidalgoFor51st,4318918160,https://twitter.com/HidalgoFor51st,R
HarleyRouda,27789237,https://twitter.com/HarleyRouda,D
jessforcongress,875000000000000000,https://twitter.com/jessforcongress,D
RepJohnKatko,2966765501,https://twitter.com/RepJohnKatko,R
KeshaRogersTX,2233526708,https://twitter.com/KeshaRogersTX,D
KathyManningNC,937000000000000000,https://twitter.com/KathyManningNC,D
marygayscanlon,961000000000000000,https://twitter.com/marygayscanlon,D
McCormickForCO,2402554158,https://twitter.com/McCormickForCO,D
LUnderwood630,872000000000000000,https://twitter.com/LUnderwood630,D
MikeTurnerOH,380498919,https://twitter.com/MikeTurnerOH,R
martin4maryland,939000000000000000,https://twitter.com/martin4maryland,R
KellenTX22,968000000000000000,https://twitter.com/KellenTX22,O
LutchiGayot,787000000000000000,https://twitter.com/LutchiGayot,R
latta4congress,93575832,https://twitter.com/latta4congress,R
JulieForTX25,901000000000000000,https://twitter.com/JulieForTX25,D
LizForIndiana,822000000000000000,https://twitter.com/LizForIndiana,D
mad4pa,936000000000000000,https://twitter.com/mad4pa,D
MikeLevinCA,14573926,https://twitter.com/MikeLevinCA,D
JoshGottheimer,431105217,https://twitter.com/JoshGottheimer,D
LinseyFaganTX,827000000000000000,https://twitter.com/LinseyFaganTX,D
karringtonsc,25375137,https://twitter.com/karringtonsc,R
miguellevario19,843000000000000000,https://twitter.com/miguellevario19,D
LorieB4Congress,859000000000000000,https://twitter.com/LorieB4Congress,D
MarinoPA10,2831788290,https://twitter.com/MarinoPA10,R
Lee4USCongress,976000000000000000,https://twitter.com/Lee4USCongress,D
MikeRogersCamp,76069325,https://twitter.com/MikeRogersCamp,R
KYComer,838462994,https://twitter.com/KYComer,R
MichaelJCloud,23725826,https://twitter.com/MichaelJCloud,R
JoshuaWelle,614396144,https://twitter.com/JoshuaWelle,D
Meuser4Congress,903000000000000000,https://twitter.com/Meuser4Congress,R
Kopser4Congress,860000000000000000,https://twitter.com/Kopser4Congress,D
MaryGeren,788200771,https://twitter.com/MaryGeren,D
MarkDeSaulnier,30252303,https://twitter.com/MarkDeSaulnier,D
KeithRothfus,1155212191,https://twitter.com/KeithRothfus,R
MarkHarrisNC9,1884515737,https://twitter.com/MarkHarrisNC9,R
MikeKellyforPA,113763245,https://twitter.com/MikeKellyforPA,R
RepGraceMeng,1051127714,https://twitter.com/RepGraceMeng,D
pgunnels,24260550,https://twitter.com/pgunnels,R
RepHankJohnson,24745957,https://twitter.com/RepHankJohnson,D
RalphNorman,61886317,https://twitter.com/RalphNorman,R
Price4WNC,894000000000000000,https://twitter.com/Price4WNC,D
repbenraylujan,19318314,https://twitter.com/repbenraylujan,D
OH5forGalbraith,884000000000000000,https://twitter.com/OH5forGalbraith,D
parkscentral11,966000000000000000,https://twitter.com/parkscentral11,O
perrygershon,3330000369,https://twitter.com/perrygershon,D
RepBera,950783972,https://twitter.com/RepBera,D
PhilKurtz3,957000000000000000,https://twitter.com/PhilKurtz3,R
RepGaramendi,88806753,https://twitter.com/RepGaramendi,D
RajaForCongress,62649021,https://twitter.com/RajaForCongress,D
RepBillJohnson,211530910,https://twitter.com/RepBillJohnson,R
RepDaveJoyce,976969338,https://twitter.com/RepDaveJoyce,R
RepAnnaEshoo,249348006,https://twitter.com/RepAnnaEshoo,D
OhForCongress,970000000000000000,https://twitter.com/OhForCongress,R
RepEBJ,168502762,https://twitter.com/RepEBJ,D
RepBrianHiggins,33576489,https://twitter.com/RepBrianHiggins,D
RepDMB,2364682111,https://twitter.com/RepDMB,D
NitaLowey,221792092,https://twitter.com/NitaLowey,D
Perry4Congress,482585877,https://twitter.com/Perry4Congress,D
RepEliotEngel,164007407,https://twitter.com/RepEliotEngel,D
RepChrisStewart,1072008757,https://twitter.com/RepChrisStewart,R
Nate_McMurray,1356368317,https://twitter.com/Nate_McMurray,D
raulruiz,18466570,https://twitter.com/raulruiz,D
Porter4Us,827000000000000000,https://twitter.com/Porter4Us,O
PatrickMcHenry,27676828,https://twitter.com/PatrickMcHenry,R
MorganGriffith,130714799,https://twitter.com/MorganGriffith,R
RepAndreCarson,199325935,https://twitter.com/RepAndreCarson,R
RatcliffeTX4,2196360306,https://twitter.com/RatcliffeTX4,D
Palmer4Alabama,2296943622,https://twitter.com/Palmer4Alabama,R
NickStellaMD,3689107349,https://twitter.com/NickStellaMD,R
jerameyanderson,599377549,https://twitter.com/jerameyanderson,D
Flores4Congress,97171189,https://twitter.com/Flores4Congress,R
JDScholten,888000000000000000,https://twitter.com/JDScholten,D
RepLipinski,1009269193,https://twitter.com/RepLipinski,D
RepSpeier,24913074,https://twitter.com/RepSpeier,D
RepMimiWalters,47798449,https://twitter.com/RepMimiWalters,D
RepLarryBucshon,234812598,https://twitter.com/RepLarryBucshon,R
RepKarenBass,239949176,https://twitter.com/RepKarenBass,R
RepJudyChu,193732179,https://twitter.com/RepJudyChu,D
RodneyDavis,993153006,https://twitter.com/RodneyDavis,D
Schneider4IL10,278005891,https://twitter.com/Schneider4IL10,R
reygonzalez34,770000000000000000,https://twitter.com/reygonzalez34,R
RepTomReed,252819323,https://twitter.com/RepTomReed,R
RubenCongress,713000000000000000,https://twitter.com/RubenCongress,R
RepTomRice,1058345042,https://twitter.com/RepTomRice,R
SmallingforCD35,943000000000000000,https://twitter.com/SmallingforCD35,R
RepVeasey,1074129612,https://twitter.com/RepVeasey,D
reschenthaler,477223342,https://twitter.com/reschenthaler,D
RobertsOhioD6,936000000000000000,https://twitter.com/RobertsOhioD6,D
RickKennedyTX17,904000000000000000,https://twitter.com/RickKennedyTX17,D
SeanCasten,66804351,https://twitter.com/SeanCasten,D
RepVisclosky,193872188,https://twitter.com/RepVisclosky,D
Sara4Congress,903000000000000000,https://twitter.com/Sara4Congress,D
ShireenGhorbani,403663140,https://twitter.com/ShireenGhorbani,D
ScottRTipton,18060563,https://twitter.com/ScottRTipton,R
RepShimkus,15600527,https://twitter.com/RepShimkus,R
SanfordBishop,249410485,https://twitter.com/SanfordBishop,R
RepRQWilliams,448093236,https://twitter.com/RepRQWilliams,D
Sewell4Congress,69326168,https://twitter.com/Sewell4Congress,D
RepLloydDoggett,153944899,https://twitter.com/RepLloydDoggett,D
Rick_Neal,31034167,https://twitter.com/Rick_Neal,D
RepJohnYarmuth,384913290,https://twitter.com/RepJohnYarmuth,D
RogerWilliamsTX,18197328,https://twitter.com/RogerWilliamsTX,D
RepPerlmutter,20552026,https://twitter.com/RepPerlmutter,D
RepKenMarchant,23976316,https://twitter.com/RepKenMarchant,D
VanTaylorTX,21826591,https://twitter.com/VanTaylorTX,R
TeamJeffries,479017220,https://twitter.com/TeamJeffries,D
twestley777,992000000000000000,https://twitter.com/twestley777,R
tedlieu,21059255,https://twitter.com/tedlieu,D
votepaulwalker,949000000000000000,https://twitter.com/votepaulwalker,D
SwisherforIdaho,939000000000000000,https://twitter.com/SwisherforIdaho,D
SusanPalmerOH,958000000000000000,https://twitter.com/SusanPalmerOH,D
vgescobar,38960144,https://twitter.com/vgescobar,D
urbannavajo,2355794989,https://twitter.com/urbannavajo,D
toddlitton,743000000000000000,https://twitter.com/toddlitton,D
SteveKingIA,48117116,https://twitter.com/SteveKingIA,R
YvetteClarke,790000000000000000,https://twitter.com/YvetteClarke,R
votetimmons,959000000000000000,https://twitter.com/votetimmons,R
Vargas4Congress,896000000000000000,https://twitter.com/Vargas4Congress,D
votemorelle,977000000000000000,https://twitter.com/votemorelle,D
Tanoos2018,895000000000000000,https://twitter.com/Tanoos2018,D
TimRyan,466532637,https://twitter.com/TimRyan,D
wildforcongress,533324996,https://twitter.com/wildforcongress,D
TexasStateRep29,69579382,https://twitter.com/TexasStateRep29,R
WhipHoyer,22012091,https://twitter.com/WhipHoyer,D
votewoodall,152018565,https://twitter.com/votewoodall,R
spmaloney,26283468,https://twitter.com/spmaloney,D
standwithbarry,586191770,https://twitter.com/standwithbarry,R
ykassembly,887000000000000000,https://twitter.com/ykassembly,
VoteDannerKline,856000000000000000,https://twitter.com/VoteDannerKline,D
VoteMcGonigle,866000000000000000,https://twitter.com/VoteMcGonigle,R
Walker4NC,436192442,https://twitter.com/Walker4NC,R
VanDrewTeam,317309166,https://twitter.com/VanDrewTeam,D
VoteCarrigan,908000000000000000,https://twitter.com/VoteCarrigan,D
tmac4congress,2343686814,https://twitter.com/tmac4congress,R
WmFawell,1193790349,https://twitter.com/WmFawell,O
WillHurd,74313566,https://twitter.com/WillHurd,R
VoteForTrey,3431000296,https://twitter.com/VoteForTrey,R
VickieYGlisson,835000000000000000,https://twitter.com/VickieYGlisson,R
SusieLeeNV,602919981,https://twitter.com/SusieLeeNV,D
RepSwalwell,942156122,https://twitter.com/RepSwalwell,D
NydiaVelazquez,164369297,https://twitter.com/NydiaVelazquez,D
RepEvans45,114328947,https://twitter.com/RepEvans45,D
JimBurgess7,487588622,https://twitter.com/JimBurgess7,R
JasonCrowCO6,851000000000000000,https://twitter.com/JasonCrowCO6,D
karaforcongress,859000000000000000,https://twitter.com/karaforcongress,D
RepPeteKing,18277655,https://twitter.com/RepPeteKing,R
McQueen4USRep,913000000000000000,https://twitter.com/McQueen4USRep,R
RepRoybalAllard,479872233,https://twitter.com/RepRoybalAllard,D
repgregwalden,32010840,https://twitter.com/repgregwalden,D
StephanyForCO,34039362,https://twitter.com/StephanyForCO,R
repblumenauer,15954997,https://twitter.com/repblumenauer,D
JuliaBrownley,44251742,https://twitter.com/JuliaBrownley,D
PeterYuCO,836000000000000000,https://twitter.com/PeterYuCO,R
tinus4congress,952000000000000000,https://twitter.com/tinus4congress,O
GerryConnolly,78445977,https://twitter.com/GerryConnolly,D
melforcongress,916000000000000000,https://twitter.com/melforcongress,D
TabithaK,20486916,https://twitter.com/TabithaK,D
RepMoBrooks,237299871,https://twitter.com/RepMoBrooks,R
MarkTakano,316165422,https://twitter.com/MarkTakano,R
HaydenShamel,2857461284,https://twitter.com/HaydenShamel,D
Vangie4Congress,831000000000000000,https://twitter.com/Vangie4Congress,D
RepBillFoster,1080509366,https://twitter.com/RepBillFoster,D
RepBobbyRush,305216911,https://twitter.com/RepBobbyRush,D
RepDavidEPrice,155669457,https://twitter.com/RepDavidEPrice,D
readyforleddy,931000000000000000,https://twitter.com/readyforleddy,D
Vote4McKellar,283170165,https://twitter.com/Vote4McKellar,D
Manning4USCong,953000000000000000,https://twitter.com/Manning4USCong,O
RepDianaDeGette,28599820,https://twitter.com/RepDianaDeGette,D
McCreadyForNC,24950622,https://twitter.com/McCreadyForNC,D
JohnChrin,907000000000000000,https://twitter.com/JohnChrin,R
RepGuthrie,1908143071,https://twitter.com/RepGuthrie,R
PaulTonko,153865861,https://twitter.com/PaulTonko,R
KathleenRice,82423741,https://twitter.com/KathleenRice,R
JD4Congress,929000000000000000,https://twitter.com/JD4Congress,R
StevenHorsford,246478393,https://twitter.com/StevenHorsford,D
stevestivers,59536644,https://twitter.com/stevestivers,R
rep_stevewomack,234469322,https://twitter.com/rep_stevewomack,R
PeterRoskam,20015903,https://twitter.com/PeterRoskam,R
VoteJanGarbett,961000000000000000,https://twitter.com/VoteJanGarbett,R
JoeNeguse,1542372750,https://twitter.com/JoeNeguse,D
mjhegar,3021460584,https://twitter.com/mjhegar,D
JohnFasoNy,3374540505,https://twitter.com/JohnFasoNy,R
MarcForPA,907000000000000000,https://twitter.com/MarcForPA,D
LindaForNC,488560862,https://twitter.com/LindaForNC,D
teamkendrawv,910000000000000000,https://twitter.com/teamkendrawv,D
RepAdamSchiff,29501253,https://twitter.com/RepAdamSchiff,D
michaelcburgess,15751083,https://twitter.com/michaelcburgess,D
replouiegohmert,22055226,https://twitter.com/replouiegohmert,R
LisaRingGA01,878000000000000000,https://twitter.com/LisaRingGA01,R
RepKevinBrady,19926675,https://twitter.com/RepKevinBrady,R
leezeldin,15874918,https://twitter.com/leezeldin,R
AOC,138203134,https://twitter.com/AOC,D
wsh4idaho,973000000000000000,https://twitter.com/wsh4idaho,O
Marcy_Kaptur,480872337,https://twitter.com/Marcy_Kaptur,D
janasanchez,14425872,https://twitter.com/janasanchez,D
JoeCunninghamSC,827000000000000000,https://twitter.com/JoeCunninghamSC,D
peter_joffrion,870000000000000000,https://twitter.com/peter_joffrion,D
lynnskahn,3048946786,https://twitter.com/lynnskahn,O
tommcclintock,15773898,https://twitter.com/tommcclintock,R
watts4congress,890000000000000000,https://twitter.com/watts4congress,D
TxHopsfarmer,825000000000000000,https://twitter.com/TxHopsfarmer,O
JoeCiardullo,988000000000000000,https://twitter.com/JoeCiardullo,O
liuba4congress,80370806,https://twitter.com/liuba4congress,D
JudgeCarter,18030431,https://twitter.com/JudgeCarter,R
GScott4Congress,923000000000000000,https://twitter.com/GScott4Congress,R
RepHultgren,237814920,https://twitter.com/RepHultgren,R
PeteSessions,24735461,https://twitter.com/PeteSessions,R
HoulahanForPa,847000000000000000,https://twitter.com/HoulahanForPa,D
JohnSarbanes,259364314,https://twitter.com/JohnSarbanes,D
RepSchrader,20545793,https://twitter.com/RepSchrader,D
RepDLamborn,584012853,https://twitter.com/RepDLamborn,D
USRepJoeWilson,4315834343,https://twitter.com/USRepJoeWilson,R
RepJeffDuncan,240393970,https://twitter.com/RepJeffDuncan,R
LizForCongress,3332640269,https://twitter.com/LizForCongress,R
JamesODonnellNY,973000000000000000,https://twitter.com/JamesODonnellNY,R
RepAndyBarr,1089334250,https://twitter.com/RepAndyBarr,R
markboler,79008958,https://twitter.com/markboler,R
Harris4Congress,122713203,https://twitter.com/Harris4Congress,R
Krantz4Congress,937000000000000000,https://twitter.com/Krantz4Congress,D
Tillman2014,2329221734,https://twitter.com/Tillman2014,R
steveavonloor,904000000000000000,https://twitter.com/steveavonloor,R
RepMikeQuigley,56864092,https://twitter.com/RepMikeQuigley,D
TEAMKRAUS,375793268,https://twitter.com/TEAMKRAUS,D
OmarQudrat,921000000000000000,https://twitter.com/OmarQudrat,R
jerrymcnerney,176512266,https://twitter.com/jerrymcnerney,D
Paul_Theobald_,961000000000000000,https://twitter.com/Paul_Theobald_,D
Vote_Davidson,4624539143,https://twitter.com/Vote_Davidson,R
MikieSherrill,1577754348,https://twitter.com/MikieSherrill,D
wittforprogress,4840975044,https://twitter.com/wittforprogress,D
JanzAndrew,857000000000000000,https://twitter.com/JanzAndrew,D
Jineea4congress,970000000000000000,https://twitter.com/Jineea4congress,R
JamieforOregon,878000000000000000,https://twitter.com/JamieforOregon,D
SteveChabot,23775782,https://twitter.com/SteveChabot,R
MacTXPress,377534571,https://twitter.com/MacTXPress,R
RepKayGranger,161743731,https://twitter.com/RepKayGranger,R
JoyceBeatty,582070020,https://twitter.com/JoyceBeatty,R
VanessaAdiaTX12,845000000000000000,https://twitter.com/VanessaAdiaTX12,D
Malinowski,811000000000000000,https://twitter.com/Malinowski,D
RepCheri,1092979962,https://twitter.com/RepCheri,D
NathanClayCO,826000000000000000,https://twitter.com/NathanClayCO,D
YoungForIowa,1458792192,https://twitter.com/YoungForIowa,R
rep_albio_sires,2193480787,https://twitter.com/rep_albio_sires,
RepLindaSanchez,312134473,https://twitter.com/RepLindaSanchez,D
JoaquinCastrotx,231510077,https://twitter.com/JoaquinCastrotx,D
RepBarbaraLee,248735463,https://twitter.com/RepBarbaraLee,D
RepJimCosta,245451804,https://twitter.com/RepJimCosta,D
RepMarkMeadows,963480595,https://twitter.com/RepMarkMeadows,D
joinpaulcook,57177310,https://twitter.com/joinpaulcook,R
MiaBLove,343171266,https://twitter.com/MiaBLove,R
Wadkins2018,850000000000000000,https://twitter.com/Wadkins2018,D
RepRobinKelly,1339931490,https://twitter.com/RepRobinKelly,D
gracenapolitano,161411080,https://twitter.com/gracenapolitano,D
TalleySergent,176896430,https://twitter.com/TalleySergent,D
PressGop,183537737,https://twitter.com/PressGop,R
KellyforMS01,3090076743,https://twitter.com/KellyforMS01,R
Randy4SoIL,982000000000000000,https://twitter.com/Randy4SoIL,D
LeonardLanceNJ7,479430035,https://twitter.com/LeonardLanceNJ7,R
stevedavid,20920816,https://twitter.com/stevedavid,D
Troy_Balderson,603083228,https://twitter.com/Troy_Balderson,R
Tom4CongressNY6,987000000000000000,https://twitter.com/Tom4CongressNY6,O
RepJoseSerrano,33563161,https://twitter.com/RepJoseSerrano,D
NaomiLevinNY,979000000000000000,https://twitter.com/NaomiLevinNY,D
GoCardenas,2983477407,https://twitter.com/GoCardenas,
Norma4Congress,2409478435,https://twitter.com/Norma4Congress,D
kolleroregon3rd,960000000000000000,https://twitter.com/kolleroregon3rd,O
RepMcKinley,240427862,https://twitter.com/RepMcKinley,R
NancyPelosi,15764644,https://twitter.com/NancyPelosi,R
KenCalvert,22545491,https://twitter.com/KenCalvert,R
repjohnlewis,29450962,https://twitter.com/repjohnlewis,R
VoteOjeda2020,2290583342,https://twitter.com/VoteOjeda2020,D
jamie_raskin,549579841,https://twitter.com/jamie_raskin,D
WatersCampaign,191066960,https://twitter.com/WatersCampaign,D
RepCuellar,210926192,https://twitter.com/RepCuellar,D
JoshForNY,860000000000000000,https://twitter.com/JoshForNY,D
JacksonLeeTX18,80612021,https://twitter.com/JacksonLeeTX18,D
JanMcDowellDEM,715000000000000000,https://twitter.com/JanMcDowellDEM,D
MaxRose4NY,892000000000000000,https://twitter.com/MaxRose4NY,D
karenhandel,15673703,https://twitter.com/karenhandel,R
Janet4OH,2414827232,https://twitter.com/Janet4OH,D
TedraCobb,732000000000000000,https://twitter.com/TedraCobb,D
Lizzie4Congress,857000000000000000,https://twitter.com/Lizzie4Congress,D
JeffFortenberry,18805303,https://twitter.com/JeffFortenberry,R
GKButterfield,432676344,https://twitter.com/GKButterfield,R
RepAlGreen,156333623,https://twitter.com/RepAlGreen,D
GregPenceIN,890000000000000000,https://twitter.com/GregPenceIN,D
RepSusanDavis,432771620,https://twitter.com/RepSusanDavis,D
Gunny_Harmon,2969960817,https://twitter.com/Gunny_Harmon,D
mlfudge,18829123,https://twitter.com/mlfudge,D
Team_Harbaugh,843000000000000000,https://twitter.com/Team_Harbaugh,D
virginiafoxx,16256269,https://twitter.com/virginiafoxx,R
Gluck4Congress,495323806,https://twitter.com/Gluck4Congress,R
EricHolguinTX,227458017,https://twitter.com/EricHolguinTX,D
electdave2018,876000000000000000,https://twitter.com/electdave2018,R
buddforcongress,720000000000000000,https://twitter.com/buddforcongress,R
brown_congress,979000000000000000,https://twitter.com/brown_congress,D
rickallen,385111151,https://twitter.com/rickallen,R
davisforutah,860000000000000000,https://twitter.com/davisforutah,O
BobbyScott,161791703,https://twitter.com/BobbyScott,D
bruce_westerman,342677019,https://twitter.com/bruce_westerman,D
DennyforPA,918000000000000000,https://twitter.com/DennyforPA,D
CristoDude,149186364,https://twitter.com/CristoDude,O
DanCrenshawTX,931000000000000000,https://twitter.com/DanCrenshawTX,R
RogerWAllison,928000000000000000,https://twitter.com/RogerWAllison,R
BeckForIndiana,856000000000000000,https://twitter.com/BeckForIndiana,D
BenMcAdams,48255275,https://twitter.com/BenMcAdams,D
Callahan4Oregon,1671902456,https://twitter.com/Callahan4Oregon,R
SBrownNV,2474383081,https://twitter.com/SBrownNV,O
AlmaforCongress,1609364557,https://twitter.com/AlmaforCongress,D
CullenBurnsCD29,935000000000000000,https://twitter.com/CullenBurnsCD29,R
EliasonCongress,964000000000000000,https://twitter.com/EliasonCongress,O
LeibforPA,1633853574,https://twitter.com/LeibforPA,R
HallCongress,946000000000000000,https://twitter.com/HallCongress,D
RepBobGibbs,234822928,https://twitter.com/RepBobGibbs,R
RepTomGraves,190328374,https://twitter.com/RepTomGraves,R
BradleyByrne,42481696,https://twitter.com/BradleyByrne,R
RepKinzinger,219429281,https://twitter.com/RepKinzinger,R
Marty_Nothstein,600319010,https://twitter.com/Marty_Nothstein,R
EconomicManBlog,712000000000000000,https://twitter.com/EconomicManBlog,
DaveBratVA7th,2279098645,https://twitter.com/DaveBratVA7th,R
avaforcongress,4705788582,https://twitter.com/avaforcongress,R
Boyle4PA,865000000000000000,https://twitter.com/Boyle4PA,D
DWB4Congress,4836054251,https://twitter.com/DWB4Congress,D
Brian_Babin,36996153,https://twitter.com/Brian_Babin,R
Deb4CongressNM,286476728,https://twitter.com/Deb4CongressNM,D
SpanbergerVA07,883000000000000000,https://twitter.com/SpanbergerVA07,D
DonNorcross4NJ,2340948996,https://twitter.com/DonNorcross4NJ,D
BrianFitzUSA,4905487413,https://twitter.com/BrianFitzUSA,R
BetsyRaderOH,843000000000000000,https://twitter.com/BetsyRaderOH,D
Clyburn,188019606,https://twitter.com/Clyburn,D
Billups4ushd33,952000000000000000,https://twitter.com/Billups4ushd33,R
GeorgeHolding,334245076,https://twitter.com/GeorgeHolding,R
RussFulcher,172944579,https://twitter.com/RussFulcher,R
GeorgeMcDermot3,434446537,https://twitter.com/GeorgeMcDermot3,R
FerkieCPA,1671899924,https://twitter.com/FerkieCPA,O
ClarkPatterson,36558990,https://twitter.com/ClarkPatterson,O
Casper4Colorado,3320699257,https://twitter.com/Casper4Colorado,R
BradSherman,30216513,https://twitter.com/BradSherman,D
ElectLaHood,3107996233,https://twitter.com/ElectLaHood,D
DrVEnoch,24442113,https://twitter.com/DrVEnoch,D
Caldwell4MD6CD,914000000000000000,https://twitter.com/Caldwell4MD6CD,O
RodneySmithNV,725000000000000000,https://twitter.com/RodneySmithNV,O
BoserforPA,965000000000000000,https://twitter.com/BoserforPA,D
DorisMatsui,38254095,https://twitter.com/DorisMatsui,D
ScottPetersSD,292594517,https://twitter.com/ScottPetersSD,D
CarolynBMaloney,119250381,https://twitter.com/CarolynBMaloney,D
SeanFlynnCA,4478749334,https://twitter.com/SeanFlynnCA,R
DarylKipnisEsq,765000000000000000,https://twitter.com/DarylKipnisEsq,R
ConawayTX11,295685416,https://twitter.com/ConawayTX11,R
RichHudson,16874915,https://twitter.com/RichHudson,R
RickSeeberger,2189543936,https://twitter.com/RickSeeberger,R
bradwenstrup,313719282,https://twitter.com/bradwenstrup,R
Call_Me_Dutch,305620929,https://twitter.com/Call_Me_Dutch,D
Crawford4Cong,50918998,https://twitter.com/Crawford4Cong,D
ThomasMassieKY,230973154,https://twitter.com/ThomasMassieKY,R
Douglas_Collins,343358379,https://twitter.com/Douglas_Collins,R
RoKhannaUSA,868000000000000000,https://twitter.com/RoKhannaUSA,D
electwarrenr,975000000000000000,https://twitter.com/electwarrenr,O
DianeNeal,37419643,https://twitter.com/DianeNeal,O
DanDavidPA,940000000000000000,https://twitter.com/DanDavidPA,R
AustinScottGA08,234797704,https://twitter.com/AustinScottGA08,R
carbajalsalud,3237898542,https://twitter.com/carbajalsalud,R
ORForestDefense,808000000000000000,https://twitter.com/ORForestDefense,
RobWittman,15356407,https://twitter.com/RobWittman,R
AftabPureval,2400005258,https://twitter.com/AftabPureval,R
ron4congress,952000000000000000,https://twitter.com/ron4congress,R
Scotttaylorva,42337890,https://twitter.com/Scotttaylorva,R
BetsyforIL,880000000000000000,https://twitter.com/BetsyforIL,D
Bishop4House,940000000000000000,https://twitter.com/Bishop4House,O
Benny4Congress,3167847621,https://twitter.com/Benny4Congress,D
BillPascrell,74508260,https://twitter.com/BillPascrell,D
amthomasiv,321197548,https://twitter.com/amthomasiv,D
RepZoeLofgren,267938462,https://twitter.com/RepZoeLofgren,D
Benno4Congress,985000000000000000,https://twitter.com/Benno4Congress,D
BuckForColorado,34959770,https://twitter.com/BuckForColorado,R
SriPKulkarni,307808408,https://twitter.com/SriPKulkarni,D
RepTroyRay,2258292853,https://twitter.com/RepTroyRay,O
BrentforPA13,969000000000000000,https://twitter.com/BrentforPA13,D
DwightEvansPA,4069841354,https://twitter.com/DwightEvansPA,D
ScottWallacePA,956000000000000000,https://twitter.com/ScottWallacePA,D
CarolMillerWV,841994444,https://twitter.com/CarolMillerWV,R
Boerio4Congress,980000000000000000,https://twitter.com/Boerio4Congress,D
ConorLambPA,855000000000000000,https://twitter.com/ConorLambPA,D
DeFazio4Oregon,195115786,https://twitter.com/DeFazio4Oregon,O
ACampaNajjar,274440617,https://twitter.com/ACampaNajjar,D
Robert_Aderholt,76452765,https://twitter.com/Robert_Aderholt,R
BostForCongress,2282437802,https://twitter.com/BostForCongress,R
BrucePoliquin,35870854,https://twitter.com/BrucePoliquin,R
CongressmanGT,18967498,https://twitter.com/CongressmanGT,R
drjimmaxwell,949000000000000000,https://twitter.com/drjimmaxwell,R
DrewFergusonGA,695000000000000000,https://twitter.com/DrewFergusonGA,R
CongMikeSimpson,76132891,https://twitter.com/CongMikeSimpson,R
BobCohen1,322352431,https://twitter.com/BobCohen1,R
BryanKellyPugh,969000000000000000,https://twitter.com/BryanKellyPugh,O
Clure4Congress,859000000000000000,https://twitter.com/Clure4Congress,D
RobBishopUT,713000000000000000,https://twitter.com/RobBishopUT,R
DanDeBono,2178636368,https://twitter.com/DanDeBono,R
BYHi67,367324218,https://twitter.com/BYHi67,O
FrankPallone,31801993,https://twitter.com/FrankPallone,D
SpencerCongress,928000000000000000,https://twitter.com/SpencerCongress,D
AntonioSabatoJr,27915028,https://twitter.com/AntonioSabatoJr,R
SenatorSylvia,40557819,https://twitter.com/SenatorSylvia,D
BillforNY24,956000000000000000,https://twitter.com/BillforNY24,O
Ron_Dinicola,971000000000000000,https://twitter.com/Ron_Dinicola,D
CristinaOsmena,998000000000000000,https://twitter.com/CristinaOsmena,R
DecideonDesai,930000000000000000,https://twitter.com/DecideonDesai,D
ElizabethHeng,936000000000000000,https://twitter.com/ElizabethHeng,R
marlalivengood,80901183,https://twitter.com/marlalivengood,R
PatriotNotPol,130798456,https://twitter.com/PatriotNotPol,D
LeeAuman2018,947000000000000000,https://twitter.com/LeeAuman2018,D
Mike_CA05,3612420317,https://twitter.com/Mike_CA05,D
peacock4ca42,825000000000000000,https://twitter.com/peacock4ca42,D
Electdavidscott,170341758,https://twitter.com/Electdavidscott,D
Cline4Virginia,40264497,https://twitter.com/Cline4Virginia,R
MarkReed2014,2232430632,https://twitter.com/MarkReed2014,R
Jim_Banks,14836282,https://twitter.com/Jim_Banks,R
DustyJohnson,140529899,https://twitter.com/DustyJohnson,R
realJohnMcCann,941000000000000000,https://twitter.com/realJohnMcCann,R
Mccallforall,849000000000000000,https://twitter.com/Mccallforall,D
TimBjorkmanSD,242732359,https://twitter.com/TimBjorkmanSD,D
DrJoeProfit,1232333084,https://twitter.com/DrJoeProfit,R
JustinFareed,353250833,https://twitter.com/JustinFareed,R
JaniceforNM,339310770,https://twitter.com/JaniceforNM,R
AndyKimNJ,24215154,https://twitter.com/AndyKimNJ,D
RealHermanWest,1000000000000000000,https://twitter.com/RealHermanWest,R
RepChrisSmith,1289319271,https://twitter.com/RepChrisSmith,R
PaulDilks,522799012,https://twitter.com/PaulDilks,R
BlumforCongress,1268220421,https://twitter.com/BlumforCongress,R
JenniferWexton,2212905492,https://twitter.com/JenniferWexton,D
flynndbroadyjr,979000000000000000,https://twitter.com/flynndbroadyjr,D
dannyoconnor1,37824038,https://twitter.com/dannyoconnor1,D
Buddy_Carter,295712099,https://twitter.com/Buddy_Carter,R
Clint4Congress,986000000000000000,https://twitter.com/Clint4Congress,D
golden4congress,901000000000000000,https://twitter.com/golden4congress,D
WilliamsForMT,263345878,https://twitter.com/WilliamsForMT,D
XochforCongress,427872569,https://twitter.com/XochforCongress,D
AjaforCongress,870000000000000000,https://twitter.com/AjaforCongress,R
LeslieCockburn,857000000000000000,https://twitter.com/LeslieCockburn,D
DannyTarkanian,64465025,https://twitter.com/DannyTarkanian,R
VoteVicente,4632984534,https://twitter.com/VoteVicente,D
JimmyGomezCA,398193180,https://twitter.com/JimmyGomezCA,D
AdrBell,566806945,https://twitter.com/AdrBell,D
GinaOrtizJones,846000000000000000,https://twitter.com/GinaOrtizJones,D
Tom_Suozzi,18907639,https://twitter.com/Tom_Suozzi,D
SiegelForTexas,937000000000000000,https://twitter.com/SiegelForTexas,D
chrisdepizzo,60475992,https://twitter.com/chrisdepizzo,R
PearlKimPA,852000000000000000,https://twitter.com/PearlKimPA,R
clarketucker,275048169,https://twitter.com/clarketucker,D
JenniferForVA,960000000000000000,https://twitter.com/JenniferForVA,D
francysjohnson,36339531,https://twitter.com/francysjohnson,D
DaveForIowa,583486767,https://twitter.com/DaveForIowa,D
joshuamahony,76038071,https://twitter.com/joshuamahony,D
katieporteroc,617266600,https://twitter.com/katieporteroc,D
JefferyADoveJr,768000000000000000,https://twitter.com/JefferyADoveJr,R
audrey4congress,948000000000000000,https://twitter.com/audrey4congress,D
Donald_McEachin,459051498,https://twitter.com/Donald_McEachin,D
AnthonyBrownMD4,1378000346,https://twitter.com/AnthonyBrownMD4,D
Denver4VA,819000000000000000,https://twitter.com/Denver4VA,D
claudiatenney,756285384,https://twitter.com/claudiatenney,R
mgrohman,229230544,https://twitter.com/mgrohman,D
voteloucorrea,746000000000000000,https://twitter.com/voteloucorrea,D
Yvette4congress,899000000000000000,https://twitter.com/Yvette4congress,R
DonBeyerVA,2319503065,https://twitter.com/DonBeyerVA,D
RepHalRogers,550401754,https://twitter.com/RepHalRogers,R
KimberlinBrown,327689443,https://twitter.com/KimberlinBrown,R
JerryNadler,408816873,https://twitter.com/JerryNadler,D
RepBonamici,558769636,https://twitter.com/RepBonamici,D
DrPeters4Iowa,715000000000000000,https://twitter.com/DrPeters4Iowa,D
GilCisnerosCA,877000000000000000,https://twitter.com/GilCisnerosCA,D
AmodeiForNevada,85689484,https://twitter.com/AmodeiForNevada,R
tosone4congress,894000000000000000,https://twitter.com/tosone4congress,O
FilemonVela,790194992,https://twitter.com/FilemonVela,D
MarkLorch,842578993,https://twitter.com/MarkLorch,R
morganmurtaugh,567769553,https://twitter.com/morganmurtaugh,R
RichPezzulloNJ,2314322184,https://twitter.com/RichPezzulloNJ,R
ElaineLuriaVA,950000000000000000,https://twitter.com/ElaineLuriaVA,D
Kennedy4Alabama,952000000000000000,https://twitter.com/Kennedy4Alabama,D
TJCoxCongress,883000000000000000,https://twitter.com/TJCoxCongress,D
hank4ky,950000000000000000,https://twitter.com/hank4ky,D
RyanMcAdams4VA,940000000000000000,https://twitter.com/RyanMcAdams4VA,R
SusanBrooksIN,344201516,https://twitter.com/SusanBrooksIN,R
DianeHarkey,61035896,https://twitter.com/DianeHarkey,R
DTorres4cong,995000000000000000,https://twitter.com/DTorres4cong,
flacc4congress,3439541489,https://twitter.com/flacc4congress,D
McCaulforTexas,743601590,https://twitter.com/McCaulforTexas,R
Vote_Chuck,865000000000000000,https://twitter.com/Vote_Chuck,D
Morse4America,3243006365,https://twitter.com/Morse4America,D
McCauley4PA,1010000000000000000,https://twitter.com/McCauley4PA,R
EliseStefanik,109579534,https://twitter.com/EliseStefanik,R
AndrewFGrant,157509937,https://twitter.com/AndrewFGrant,R
Bonnie4Congress,1473761198,https://twitter.com/Bonnie4Congress,D
Ron4California,18964092,https://twitter.com/Ron4California,R
Kelly4SouthrnIL,877000000000000000,https://twitter.com/Kelly4SouthrnIL,D
McNeil4Congress,319793505,https://twitter.com/McNeil4Congress,D
haganstrategies,955000000000000000,https://twitter.com/haganstrategies,D
VoteThornton,949000000000000000,https://twitter.com/VoteThornton,D
Carolyn4GA7,881000000000000000,https://twitter.com/Carolyn4GA7,D
Davis4Maryland,885000000000000000,https://twitter.com/Davis4Maryland,R
dinatitus,17907578,https://twitter.com/dinatitus,D
Griggs4Md7,983000000000000000,https://twitter.com/Griggs4Md7,O
JimConditJr,18038678,https://twitter.com/JimConditJr,O
joeforvirginia,964000000000000000,https://twitter.com/joeforvirginia,D
Johnny_Congress,557046603,https://twitter.com/Johnny_Congress,R
JosephKopser,606517190,https://twitter.com/JosephKopser,D
repjoecrowley,111635980,https://twitter.com/repjoecrowley,D
RepMarthaRoby,224294785,https://twitter.com/RepMarthaRoby,R
rufo4congress,957000000000000000,https://twitter.com/rufo4congress,R
shaunbrown2nd,777000000000000000,https://twitter.com/shaunbrown2nd,O
GregoryForNY2,3254017719,https://twitter.com/GregoryForNY2,D
BigJoeLiberty,726000000000000000,https://twitter.com/BigJoeLiberty,O
CJHargrove_SI,1010000000000000000,https://twitter.com/CJHargrove_SI,O
diane_harkey,1156596734,https://twitter.com/diane_harkey,R
DougForMT,846000000000000000,https://twitter.com/DougForMT,O
TheBenjaminHdz,968000000000000000,https://twitter.com/TheBenjaminHdz,O
AdirondacKatie,836000000000000000,https://twitter.com/AdirondacKatie,D
RashidaTlaib,435331179,https://twitter.com/RashidaTlaib,D
AyannaPressley,31013444,https://twitter.com/AyannaPressley,D
WilliamKeating,95546148,https://twitter.com/WilliamKeating,D
TomOHalleran,2573587962,https://twitter.com/TomOHalleran,D
standwithraul,135623073,https://twitter.com/standwithraul,D
hiral4congress,887000000000000000,https://twitter.com/hiral4congress,D
vote4ges,967000000000000000,https://twitter.com/vote4ges,D
nancysoderberg,225249270,https://twitter.com/nancysoderberg,D
votesanjaypatel,957000000000000000,https://twitter.com/votesanjaypatel,D
DanaforCongress,960000000000000000,https://twitter.com/DanaforCongress,D
CharlieCrist,38970940,https://twitter.com/CharlieCrist,D
KristenForFL,994000000000000000,https://twitter.com/KristenForFL,D
April4Congress,24229038,https://twitter.com/April4Congress,D
holden2018,902000000000000000,https://twitter.com/holden2018,D
LoisFrankel,349296252,https://twitter.com/LoisFrankel,D
DWStweets,115979444,https://twitter.com/DWStweets,D
DonnaShalala,738000000000000000,https://twitter.com/DonnaShalala,D
KindforCongress,156045092,https://twitter.com/KindforCongress,D
Gwen4Congress,784965392,https://twitter.com/Gwen4Congress,D
DanKohlWI,871000000000000000,https://twitter.com/DanKohlWI,D
beauforcongress,907000000000000000,https://twitter.com/beauforcongress,D
danielfeehan,163845877,https://twitter.com/danielfeehan,D
deanbphillips,39894447,https://twitter.com/deanbphillips,D
IlhanMN,783792992,https://twitter.com/IlhanMN,D
collinpeterson,115676070,https://twitter.com/collinpeterson,D
JohnLarsonCT,155585373,https://twitter.com/JohnLarsonCT,D
Rosa_DeLauro,893496121,https://twitter.com/Rosa_DeLauro,D
AnitaMalik,5019861,https://twitter.com/AnitaMalik,D
val_demings,3404875323,https://twitter.com/val_demings,D
DrJMZimmerman,960000000000000000,https://twitter.com/DrJMZimmerman,D
KatyforCongress,954000000000000000,https://twitter.com/KatyforCongress,D
Vote4Cleaver,801478506,https://twitter.com/Vote4Cleaver,D
hmforcongress,942000000000000000,https://twitter.com/hmforcongress,D
Schoolcraft4Mo,972000000000000000,https://twitter.com/Schoolcraft4Mo,D
ellis4missouri,948000000000000000,https://twitter.com/ellis4missouri,D
cathyalbro,964000000000000000,https://twitter.com/cathyalbro,D
dankildee,18674498,https://twitter.com/dankildee,D
MattLongjohn,887000000000000000,https://twitter.com/MattLongjohn,D
gdriskell,41467849,https://twitter.com/gdriskell,D
ElissaSlotkin,861000000000000000,https://twitter.com/ElissaSlotkin,D
Andy_Levin,21061366,https://twitter.com/Andy_Levin,D
electbizon2018,964000000000000000,https://twitter.com/electbizon2018,D
BrendaLLawrence,54300515,https://twitter.com/BrendaLLawrence,D
LapoliceAlan,1010000000000000000,https://twitter.com/LapoliceAlan,D
sharicedavids,951000000000000000,https://twitter.com/sharicedavids,D
JamesThompsonKS,823000000000000000,https://twitter.com/JamesThompsonKS,D
martyo4congress,899000000000000000,https://twitter.com/martyo4congress,D
DMMD4TNCongress,582403916,https://twitter.com/DMMD4TNCongress,D
MariahNPhillips,250261721,https://twitter.com/MariahNPhillips,D
CoopForCongress,600470774,https://twitter.com/CoopForCongress,D
Barlow4Congress,966000000000000000,https://twitter.com/Barlow4Congress,D
Kanew,17524863,https://twitter.com/Kanew,D
TulsiGabbard,26637348,https://twitter.com/TulsiGabbard,D
ReneeHoagenson,220367244,https://twitter.com/ReneeHoagenson,D
HaleyLive,391445643,https://twitter.com/HaleyLive,D
DebDingell,2361650234,https://twitter.com/DebDingell,D
PaulDavisKS,366078108,https://twitter.com/PaulDavisKS,D
ReElectCohen,34884583,https://twitter.com/ReElectCohen,D
DrRobDavidson,847000000000000000,https://twitter.com/DrRobDavidson,D
RVHoyos,909000000000000000,https://twitter.com/RVHoyos,D
cortvo,713273353,https://twitter.com/cortvo,D
McGovernMA,128664931,https://twitter.com/McGovernMA,D
joekennedy,461720085,https://twitter.com/joekennedy,D
sethmoulton,248495200,https://twitter.com/sethmoulton,D
LisaBRochester,4049197462,https://twitter.com/LisaBRochester,D
Ann_Kirkpatrick,272004287,https://twitter.com/Ann_Kirkpatrick,D
joangreeneaz,849000000000000000,https://twitter.com/joangreeneaz,D
RubenGallego,49217025,https://twitter.com/RubenGallego,D
gregstantonaz,218292287,https://twitter.com/gregstantonaz,D
bobrackleff,473477258,https://twitter.com/bobrackleff,D
YvonneHinsonFL,951000000000000000,https://twitter.com/YvonneHinsonFL,D
SMurphyCongress,745000000000000000,https://twitter.com/SMurphyCongress,D
DarrenSoto,1730030220,https://twitter.com/DarrenSoto,D
ChrisHunterFL,946000000000000000,https://twitter.com/ChrisHunterFL,D
KathyCastorFL,756000000000000000,https://twitter.com/KathyCastorFL,D
Shapiro4FL16,920000000000000000,https://twitter.com/Shapiro4FL16,D
laurenbaer,37027428,https://twitter.com/laurenbaer,D
alcee4congress,2348492935,https://twitter.com/alcee4congress,D
TedDeutch,65541270,https://twitter.com/TedDeutch,D
IronStache,292083207,https://twitter.com/IronStache,D
MarkPocan,309070309,https://twitter.com/MarkPocan,D
tomforwi,888000000000000000,https://twitter.com/tomforwi,D
vetfordemocracy,2882981512,https://twitter.com/vetfordemocracy,D
WelchForVT,499109830,https://twitter.com/WelchForVT,D
VoteBetty,164414525,https://twitter.com/VoteBetty,D
IanToddforMN,872000000000000000,https://twitter.com/IanToddforMN,D
joeradinovich,179993806,https://twitter.com/joeradinovich,D
jahimes,31611298,https://twitter.com/jahimes,D
AlLawsonJr,88291132,https://twitter.com/AlLawsonJr,D
DebbieforFL,750000000000000000,https://twitter.com/DebbieforFL,D
AngieCraigMN,411861905,https://twitter.com/AngieCraigMN,D
JoeCourtneyCT,183351637,https://twitter.com/JoeCourtneyCT,D
Tracy4Congress,976000000000000000,https://twitter.com/Tracy4Congress,R
HugoCongress,984000000000000000,https://twitter.com/HugoCongress,R
PDTedeschi,813828162,https://twitter.com/PDTedeschi,R
BarzeeFlores,890000000000000000,https://twitter.com/BarzeeFlores,D
JRutherfordFL,734000000000000000,https://twitter.com/JRutherfordFL,R
Florida_CD5,60470820,https://twitter.com/Florida_CD5,R
Mike_Miller_FL,16874913,https://twitter.com/Mike_Miller_FL,R
gbuck_jr,942000000000000000,https://twitter.com/gbuck_jr,R
BrianMastFL,3170031728,https://twitter.com/BrianMastFL,R
NicolasKimazFL,939335761,https://twitter.com/NicolasKimazFL,R
MarioDBCamp,374816353,https://twitter.com/MarioDBCamp,R
MaElviraSalazar,40282700,https://twitter.com/MaElviraSalazar,R
LeaPeterson,14644829,https://twitter.com/LeaPeterson,R
DavidSchweikert,21509894,https://twitter.com/DavidSchweikert,R
steveferraramd,866000000000000000,https://twitter.com/steveferraramd,R
DonYoungAK,2559398984,https://twitter.com/DonYoungAK,R
toftforcongress,919000000000000000,https://twitter.com/toftforcongress,R
Duffy4Wisconsin,18229117,https://twitter.com/Duffy4Wisconsin,R
JimHagedornMN,1729773254,https://twitter.com/JimHagedornMN,R
Erik_Paulsen,89001820,https://twitter.com/Erik_Paulsen,R
DHughesCongress,733000000000000000,https://twitter.com/DHughesCongress,R
Nye4Congress,1010000000000000000,https://twitter.com/Nye4Congress,
becongress,822000000000000000,https://twitter.com/becongress,
AnnLWagner,219010139,https://twitter.com/AnnLWagner,R
VickyH4Congress,753000000000000000,https://twitter.com/VickyH4Congress,R
RepSamGraves,29766367,https://twitter.com/RepSamGraves,R
JasonSmithMO,26653478,https://twitter.com/JasonSmithMO,R
billhuizenga,23820360,https://twitter.com/billhuizenga,R
JohnMoolenaar,41198239,https://twitter.com/JohnMoolenaar,R
ElectMikeBishop,2485713498,https://twitter.com/ElectMikeBishop,R
Vote_JeffJones,2334333888,https://twitter.com/Vote_JeffJones,R
KevinYoder,26324609,https://twitter.com/KevinYoder,R
tndesjarlais,27775884,https://twitter.com/tndesjarlais,R
DavidKustoff,317386234,https://twitter.com/DavidKustoff,R
Vern2014,41403889,https://twitter.com/Vern2014,R
Santos4Congress,989000000000000000,https://twitter.com/Santos4Congress,R
UptonForAllOfUs,153507902,https://twitter.com/UptonForAllOfUs,R
PaulMitchell4us,2432472228,https://twitter.com/PaulMitchell4us,R
JenZ4MN,992000000000000000,https://twitter.com/JenZ4MN,R
KatherineClark,23201727,https://twitter.com/KatherineClark,D
RepStephenLynch,310310133,https://twitter.com/RepStephenLynch,D
TedYoho,274164368,https://twitter.com/TedYoho,D
RickGreenMA,972714392,https://twitter.com/RickGreenMA,R
JoeSchneiderMA,978000000000000000,https://twitter.com/JoeSchneiderMA,R
mattgaetz,58579942,https://twitter.com/mattgaetz,R
michaelgwaltz,833673914,https://twitter.com/michaelgwaltz,R
WebsterCongress,136526394,https://twitter.com/WebsterCongress,R
RossSpano,605615715,https://twitter.com/RossSpano,R
gregsteube,21924842,https://twitter.com/gregsteube,R
FrancisRooney,4433285713,https://twitter.com/FrancisRooney,R
JoeKaufmanUSA,384649049,https://twitter.com/JoeKaufmanUSA,R
carloslcurbelo,1177437224,https://twitter.com/carloslcurbelo,R
WendyRogersAZ,96502351,https://twitter.com/WendyRogersAZ,R
PiersonCongress,1000000000000000000,https://twitter.com/PiersonCongress,R
andybiggs4az,703000000000000000,https://twitter.com/andybiggs4az,R
DebbieLesko,34715823,https://twitter.com/DebbieLesko,R
Liz_Cheney,98471035,https://twitter.com/Liz_Cheney,R
BryanSteilforWI,986000000000000000,https://twitter.com/BryanSteilforWI,R
GrothmanforWI,2432952828,https://twitter.com/GrothmanforWI,R
MikeforWI,1558285818,https://twitter.com/MikeforWI,R
Jason2CD,20934272,https://twitter.com/Jason2CD,R
GregTRyan4US,752000000000000000,https://twitter.com/GregTRyan4US,R
tomemmer,72431423,https://twitter.com/tomemmer,R
PeteStauber,883000000000000000,https://twitter.com/PeteStauber,R
hiro4you2,26759464,https://twitter.com/hiro4you2,R
JahanaHayesCT,992000000000000000,https://twitter.com/JahanaHayesCT,D
vroman_robert,1158299138,https://twitter.com/vroman_robert,R
auctnr1,21572351,https://twitter.com/auctnr1,R
JackBergman_MI1,752000000000000000,https://twitter.com/JackBergman_MI1,R
justinamash,233842454,https://twitter.com/justinamash,R
TWines4congress,930000000000000000,https://twitter.com/TWines4congress,R
TimWalberg,146099856,https://twitter.com/TimWalberg,R
CandiusStearns,28249272,https://twitter.com/CandiusStearns,R
LuetkemeyerB,2554870803,https://twitter.com/LuetkemeyerB,R
JacobTurk,36077707,https://twitter.com/JacobTurk,R
Steve4Kansas,129259273,https://twitter.com/Steve4Kansas,R
timburchett,353890966,https://twitter.com/timburchett,R
JohnRoseforTN,895000000000000000,https://twitter.com/JohnRoseforTN,R
DrMarkGreen4TN,93412074,https://twitter.com/DrMarkGreen4TN,R
DunnCampaign,3433189197,https://twitter.com/DunnCampaign,R
HarryForCT,943000000000000000,https://twitter.com/HarryForCT,R
LenaEpstein,712000000000000000,https://twitter.com/LenaEpstein,R
JimFrancisLA01,969000000000000000,https://twitter.com/JimFrancisLA01,D
tammyforla,994000000000000000,https://twitter.com/tammyforla,D
RobAnderson2018,963000000000000000,https://twitter.com/RobAnderson2018,D
VoteMimi,977000000000000000,https://twitter.com/VoteMimi,D
garretgraves,587100576,https://twitter.com/garretgraves,R
GeauxScalise,2746741969,https://twitter.com/GeauxScalise,R
CedricRichmond,142419647,https://twitter.com/CedricRichmond,D
CaptClayHiggins,1010000000000000000,https://twitter.com/CaptClayHiggins,R
ElectBergmann,93303821,https://twitter.com/ElectBergmann,R
EddieEdwardsNH,2539013224,https://twitter.com/EddieEdwardsNH,R
ChrisPappasNH,574799823,https://twitter.com/ChrisPappasNH,D
AlanLaPolice,1880885156,https://twitter.com/AlanLaPolice,D
Amanda4Congress,966000000000000000,https://twitter.com/Amanda4Congress,D
Armstrong_ND,965000000000000000,https://twitter.com/Armstrong_ND,R
BettyMcCollum04,516880804,https://twitter.com/BettyMcCollum04,D
Cadien4Congress,546561155,https://twitter.com/Cadien4Congress,D
CharlieSchaupp,1030000000000000000,https://twitter.com/CharlieSchaupp,R
ChristineForWA,874000000000000000,https://twitter.com/ChristineForWA,D
DennyHeck,64248024,https://twitter.com/DennyHeck,D
Dewitt4Congress,923000000000000000,https://twitter.com/Dewitt4Congress,D
DonaldPayneJr,571909015,https://twitter.com/DonaldPayneJr,D
DrPhilRoe,52503751,https://twitter.com/DrPhilRoe,R
ElectBrannon,931000000000000000,https://twitter.com/ElectBrannon,R
ElectRodney,586076955,https://twitter.com/ElectRodney,R
FrankDLucas,389017497,https://twitter.com/FrankDLucas,R
HornForCongress,881000000000000000,https://twitter.com/HornForCongress,D
JakeEllzey,2178511998,https://twitter.com/JakeEllzey,R
JeffVanDrew,4858668557,https://twitter.com/JeffVanDrew,D
JoyceBentleyCD1,983000000000000000,https://twitter.com/JoyceBentleyCD1,R
KClarkCongress,1344624558,https://twitter.com/KClarkCongress,
LacyClayMO1,584912320,https://twitter.com/LacyClayMO1,D
LeeDugas2001,65846554,https://twitter.com/LeeDugas2001,D
LloydPrinceton,949000000000000000,https://twitter.com/LloydPrinceton,O
MWILSON8,1000000000000000000,https://twitter.com/MWILSON8,
MarioDB,37094727,https://twitter.com/MarioDB,R
MayorStanton,1000000000000000000,https://twitter.com/MayorStanton,R
MikeJohnson,4849654052,https://twitter.com/MikeJohnson,R
MitranoForNY23,940000000000000000,https://twitter.com/MitranoForNY23,D
RandyHultgren,78387677,https://twitter.com/RandyHultgren,R
RepAdrianSmith,296245061,https://twitter.com/RepAdrianSmith,R
RepChuck,235190657,https://twitter.com/RepChuck,R
RepDarrenSoto,819000000000000000,https://twitter.com/RepDarrenSoto,R
RepDelBene,995193054,https://twitter.com/RepDelBene,D
kennethmejiaLA,720000000000000000,https://twitter.com/kennethmejiaLA,D
RepGwenMoore,22669526,https://twitter.com/RepGwenMoore,
RepHartzler,237763317,https://twitter.com/RepHartzler,D
RepJasonSmith,1623308912,https://twitter.com/RepJasonSmith,R
RepJoeCourtney,85396297,https://twitter.com/RepJoeCourtney,R
RepMcGovern,242426145,https://twitter.com/RepMcGovern,D
RepNewhouse,2930635215,https://twitter.com/RepNewhouse,D
RepRichardNeal,442824717,https://twitter.com/RepRichardNeal,R
RepSeanDuffy,234022257,https://twitter.com/RepSeanDuffy,D
RepTedYoho,1071900114,https://twitter.com/RepTedYoho,R
RepWalterJones,26778110,https://twitter.com/RepWalterJones,R
RepWilson,234014087,https://twitter.com/RepWilson,R
RobbinsforOK,612838216,https://twitter.com/RobbinsforOK,D
RogerMarshallMD,1240107944,https://twitter.com/RogerMarshallMD,R
RpSensenbrenner,301122145,https://twitter.com/RpSensenbrenner,
RyanDowning2018,720000000000000000,https://twitter.com/RyanDowning2018,R
SenTedCruz,1074480192,https://twitter.com/SenTedCruz,R
SteveRussellOK,2364258930,https://twitter.com/SteveRussellOK,R
TJG4GA,1020000000000000000,https://twitter.com/TJG4GA,D
TomColeOK04,23124635,https://twitter.com/TomColeOK04,R
USRep_Keating,404926262,https://twitter.com/USRep_Keating,R
Verone4Congress,32972826,https://twitter.com/Verone4Congress,D
VoteJessee,1030000000000000000,https://twitter.com/VoteJessee,R
VoteMattMcCall,1228373941,https://twitter.com/VoteMattMcCall,R
YoungKimCD39,2355919591,https://twitter.com/YoungKimCD39,
andiesaizan,987000000000000000,https://twitter.com/andiesaizan,D
barrforcongress,115186195,https://twitter.com/barrforcongress,R
camcavasso,141036249,https://twitter.com/camcavasso,R
coffmanforco,112781983,https://twitter.com/coffmanforco,R
electadamsmith,50789200,https://twitter.com/electadamsmith,D
gipson4congress,984000000000000000,https://twitter.com/gipson4congress,D
guild4congress,125497871,https://twitter.com/guild4congress,D
jn4ush,899000000000000000,https://twitter.com/jn4ush,D
joshua_harder,438665212,https://twitter.com/joshua_harder,D
lcmoser,115666612,https://twitter.com/lcmoser,D
letitiaplummer,869000000000000000,https://twitter.com/letitiaplummer,D
lisa4congress,84426342,https://twitter.com/lisa4congress,
mac4northdakota,879000000000000000,https://twitter.com/mac4northdakota,D
rep_adam_smith,2186940505,https://twitter.com/rep_adam_smith,D
repcleaver,163570705,https://twitter.com/repcleaver,D
repdavidscott,168673083,https://twitter.com/repdavidscott,D
repdonyoung,37007274,https://twitter.com/repdonyoung,D
repjimcooper,22523087,https://twitter.com/repjimcooper,R
rosadelauro,140519774,https://twitter.com/rosadelauro,D
ryantrundleCD4,969000000000000000,https://twitter.com/ryantrundleCD4,D
salforcongress,713000000000000000,https://twitter.com/salforcongress,R
studlydevine,475050611,https://twitter.com/studlydevine,R
votejosh2018,1010000000000000000,https://twitter.com/votejosh2018,
AustinScott4GA,31191969,https://twitter.com/AustinScott4GA,R
ColeForCongress,57438769,https://twitter.com/ColeForCongress,R
DrLarryBucshon,80956768,https://twitter.com/DrLarryBucshon,R
DrPaulGosar,872000000000000000,https://twitter.com/DrPaulGosar,R
ElectJimBaird,123563657,https://twitter.com/ElectJimBaird,R
JohnsonLeads,81207735,https://twitter.com/JohnsonLeads,R
JudgeJohnCarter,404355121,https://twitter.com/JudgeJohnCarter,R
LiebnitzkyWayne,762000000000000000,https://twitter.com/LiebnitzkyWayne,R
MarcVeasey,20688358,https://twitter.com/MarcVeasey,D
MorganForMI,848000000000000000,https://twitter.com/MorganForMI,D
RepRutherfordFL,829000000000000000,https://twitter.com/RepRutherfordFL,R
RothfusForPA,86936187,https://twitter.com/RothfusForPA,R
TeamVisclosky,3282677347,https://twitter.com/TeamVisclosky,D
WestermanAR,1592481150,https://twitter.com/WestermanAR,R
bradyfortexas,570005456,https://twitter.com/bradyfortexas,R
Babin4Congress,2249022318,https://twitter.com/Babin4Congress,R
Castro4Congress,323440720,https://twitter.com/Castro4Congress,D
JacksonLee18,102803873,https://twitter.com/JacksonLee18,D
MikeBishopMI,37945547,https://twitter.com/MikeBishopMI,R
MikeSimpson4ID,314223728,https://twitter.com/MikeSimpson4ID,R
TomRiceSC7,720672102,https://twitter.com/TomRiceSC7,R
larryrader2020,172874108,https://twitter.com/larryrader2020,D
Negron4Congress,741000000000000000,https://twitter.com/Negron4Congress,R
AnnMcLaneKuster,89992368,https://twitter.com/AnnMcLaneKuster,D
1776NotInVain,16164009,https://twitter.com/1776NotInVain,R
AjaLBrown,1173297636,https://twitter.com/AjaLBrown,D
AlyseGalvin,951000000000000000,https://twitter.com/AlyseGalvin,D
Annabelle4SC,38255316,https://twitter.com/Annabelle4SC,D
Beeler4Congress,972000000000000000,https://twitter.com/Beeler4Congress,R
Brill4Congress,977000000000000000,https://twitter.com/Brill4Congress,D
CLVALIENTE4,924000000000000000,https://twitter.com/CLVALIENTE4,R
Carmen4Congress,950000000000000000,https://twitter.com/Carmen4Congress,R
ChrisPerriTX,816000000000000000,https://twitter.com/ChrisPerriTX,D
DerekKilmer,120518554,https://twitter.com/DerekKilmer,D
DinoRossiWA,146241212,https://twitter.com/DinoRossiWA,R
DrKimSchrier,862000000000000000,https://twitter.com/DrKimSchrier,D
EdCaseHawaii,21737536,https://twitter.com/EdCaseHawaii,D
ElectLong,906000000000000000,https://twitter.com/ElectLong,D
EliotRabinForUS,1010000000000000000,https://twitter.com/EliotRabinForUS,R
Gilpin4Congress,973000000000000000,https://twitter.com/Gilpin4Congress,D
HilliardForCong,957000000000000000,https://twitter.com/HilliardForCong,D
JaimeForUSRep,97963837,https://twitter.com/JaimeForUSRep,R
JeffDenham,21346398,https://twitter.com/JeffDenham,R
JosephBrumbles,972000000000000000,https://twitter.com/JosephBrumbles,R
JrmarJefferson,2345033748,https://twitter.com/JrmarJefferson,D
KatieHill4CA,839000000000000000,https://twitter.com/KatieHill4CA,D
Lancegooden,1030000000000000000,https://twitter.com/Lancegooden,R
Lillian_Salerno,906000000000000000,https://twitter.com/Lillian_Salerno,D
LucyWins2018,948000000000000000,https://twitter.com/LucyWins2018,D
MaloneyforNY,1000000000000000000,https://twitter.com/MaloneyforNY,D
Mariah4Congress,845000000000000000,https://twitter.com/Mariah4Congress,D
MarkwayneMullin,366304362,https://twitter.com/MarkwayneMullin,R
McKinleyforWV,2493604807,https://twitter.com/McKinleyforWV,R
MimiWaltersCA,2327941633,https://twitter.com/MimiWaltersCA,R
PramilaJayapal,193441812,https://twitter.com/PramilaJayapal,D
RealOmarNavarro,248113252,https://twitter.com/RealOmarNavarro,R
RepAnnWagner,1051446626,https://twitter.com/RepAnnWagner,R
RepClayHiggins,844000000000000000,https://twitter.com/RepClayHiggins,R
RepDavid,229197216,https://twitter.com/RepDavid,R
RepErikPaulsen,17513304,https://twitter.com/RepErikPaulsen,R
RepFredUpton,124224165,https://twitter.com/RepFredUpton,R
RepGosar,240760644,https://twitter.com/RepGosar,R
RepGusBilirakis,26051676,https://twitter.com/RepGusBilirakis,R
RepHardy,2964222544,https://twitter.com/RepHardy,R
RepHuizenga,233949261,https://twitter.com/RepHuizenga,R
RepJerryNadler,40302336,https://twitter.com/RepJerryNadler,D
RepJohnLarson,50452197,https://twitter.com/RepJohnLarson,D
RepMikeCoffman,19407835,https://twitter.com/RepMikeCoffman,R
RepRaulGrijalva,28602948,https://twitter.com/RepRaulGrijalva,D
RepRonKind,112740986,https://twitter.com/RepRonKind,D
RepTedDeutch,137794015,https://twitter.com/RepTedDeutch,D
RepWalberg,237862972,https://twitter.com/RepWalberg,R
RepWebster,281540744,https://twitter.com/RepWebster,R
Rep_Hunter,1305596696,https://twitter.com/Rep_Hunter,R
RodolfoCongress,969000000000000000,https://twitter.com/RodolfoCongress,O
RonEstesKS,723000000000000000,https://twitter.com/RonEstesKS,R
RubyForCongress,735000000000000000,https://twitter.com/RubyForCongress,D
SarahSmith2018,865000000000000000,https://twitter.com/SarahSmith2018,D
SenatorDurbin,247334603,https://twitter.com/SenatorDurbin,D
SessionsforTX32,2756069574,https://twitter.com/SessionsforTX32,R
SuzanDelBene,41225640,https://twitter.com/SuzanDelBene,D
TeamCMR,130733698,https://twitter.com/TeamCMR,R
USRepMikeDoyle,39249305,https://twitter.com/USRepMikeDoyle,D
VernBuchanan,20467163,https://twitter.com/VernBuchanan,R
VoteAntonio2018,864000000000000000,https://twitter.com/VoteAntonio2018,R
VoteLeeTurner,950000000000000000,https://twitter.com/VoteLeeTurner,D
VoteTimHarris,854000000000000000,https://twitter.com/VoteTimHarris,O
abraham_ralph,2543008999,https://twitter.com/abraham_ralph,R
barbarahowe,17423964,https://twitter.com/barbarahowe,O
bunnipounds,135969430,https://twitter.com/bunnipounds,R
cathymcmorris,17976923,https://twitter.com/cathymcmorris,R
congbillposey,25086658,https://twitter.com/congbillposey,R
davidcicilline,23593446,https://twitter.com/davidcicilline,D
erika_stotts,1040000000000000000,https://twitter.com/erika_stotts,D
gressmannforSC6,162357645,https://twitter.com/gressmannforSC6,R
jballcampaign,3290146204,https://twitter.com/jballcampaign,R
johnculberson,14904437,https://twitter.com/johnculberson,R
krhern,19168067,https://twitter.com/krhern,R
larsenrick,158520264,https://twitter.com/larsenrick,D
leebright,19948075,https://twitter.com/leebright,R
LouieGohmertTX1,4827594804,https://twitter.com/LouieGohmertTX1,R
MarchantforTX24,93443168,https://twitter.com/MarchantforTX24,R
ReElectHank,97583689,https://twitter.com/ReElectHank,D
RobertQWilliam1,971000000000000000,https://twitter.com/RobertQWilliam1,D
TeamRoby,69086398,https://twitter.com/TeamRoby,R
TomGravesGA14,24852012,https://twitter.com/TomGravesGA14,R
brettguthrie,114607567,https://twitter.com/brettguthrie,R
chuck4congress,50036176,https://twitter.com/chuck4congress,R
mikedoyleforpa,956000000000000000,https://twitter.com/mikedoyleforpa,D
teamamash,3359712531,https://twitter.com/teamamash,R
Andre4Congress,267316393,https://twitter.com/Andre4Congress,D
LloydDoggettTX,170111219,https://twitter.com/LloydDoggettTX,D
Vote4Schiller,980000000000000000,https://twitter.com/Vote4Schiller,D
womack4congress,112651673,https://twitter.com/womack4congress,R
LangevinForRI,155654527,https://twitter.com/LangevinForRI,D
Bob_Gibbs,77839894,https://twitter.com/Bob_Gibbs,R
MarkMeadows,975000000000000000,https://twitter.com/MarkMeadows,R
callahan4ga,1010000000000000000,https://twitter.com/callahan4ga,R
TatianaMattaUS,1398226626,https://twitter.com/TatianaMattaUS,D
Zeno4NY,1000000000000000000,https://twitter.com/Zeno4NY,R
SolAmoresFlores,569390581,https://twitter.com/SolAmoresFlores,D
DanWood2020,746000000000000000,https://twitter.com/DanWood2020,D